{"cameraMode":{"drawMode":0,"name":"Shaded","section":"Shading Mode"},"sceneLighting":true,"audioPlay":false,"sceneViewState":{"m_AlwaysRefresh":false,"showFog":true,"showSkybox":false,"showFlares":true,"showImageEffects":true,"showParticleSystems":true,"showVisualEffectGraphs":true,"m_FxEnabled":true},"in2DMode":false,"pivot":{"x":0.24984478950500489,"y":0.9002958536148071,"z":-0.21882757544517518},"rotation":{"x":0.1405218541622162,"y":-0.8475765585899353,"z":0.2765520513057709,"w":0.430637925863266},"size":2.7291321754455568,"orthographic":false}