{"cameraMode":{"drawMode":0,"name":"Shaded","section":"Shading Mode"},"sceneLighting":false,"audioPlay":false,"sceneViewState":{"m_AlwaysRefresh":false,"showFog":true,"showSkybox":false,"showFlares":true,"showImageEffects":true,"showParticleSystems":true,"showVisualEffectGraphs":true,"m_FxEnabled":true},"in2DMode":false,"pivot":{"x":4.499982833862305,"y":4.000000953674316,"z":13.499996185302735},"rotation":{"x":0.46047481894493105,"y":0.014645361341536045,"z":-0.007598405238240957,"w":0.8875221014022827},"size":37.79299545288086,"orthographic":false}